city,lat,temp,max_temp,wind_speed,humidity,cloudiness
Bethel,60.79,-13.49,-9.94,6.93,81,90
San Patricio,-26.98,76.25,76.25,2.48,96,56
Ushuaia,-54.81,41.0,41.0,17.22,93,75
Dikson,73.51,20.23,20.23,9.75,95,92
Hamilton,32.3,71.6,71.6,19.46,78,75
Bilma,18.69,54.65,54.65,10.65,39,20
Tasiilaq,65.61,32.0,32.0,24.16,95,80
Tiarei,-17.53,86.0,86.0,12.75,66,40
Cockburn Town,21.46,79.58,79.58,19.26,100,24
Rikitea,-23.12,78.86,78.86,5.73,100,32
Thinadhoo,0.53,81.56,81.56,11.1,100,44
Kapaa,22.08,77.0,77.0,14.99,51,75
Beringovskiy,63.05,-15.78,-15.78,11.65,100,24
Boffa,10.18,69.41,69.41,7.4,49,0
Provideniya,64.42,-0.41,-0.41,4.47,64,0
Castro,-42.48,55.4,55.4,16.11,100,90
Hilo,19.71,77.0,77.0,11.41,62,1
Hermanus,-34.42,51.23,51.23,4.16,95,0
Busselton,-33.64,61.4,61.4,18.7,100,92
Salalah,17.01,73.4,73.4,8.05,60,0
Puerto Ayora,-0.74,74.68,74.68,10.09,98,80
Mar del Plata,-46.43,67.7,67.7,29.55,43,20
Montlucon,46.33,43.4,43.4,10.98,95,92
Ilulissat,69.22,21.2,21.2,9.17,57,48
Chokurdakh,70.62,-38.68,-38.68,3.04,0,36
Ouallam,14.32,64.28,64.28,11.21,35,0
Kodiak,39.95,38.71,42.8,5.82,10,1
Barrow,-38.31,72.25,72.25,16.46,30,0
Polunochnoye,60.87,16.13,16.13,4.16,78,76
Tuktoyaktuk,69.44,-13.01,-13.01,5.82,83,20
Puri,-7.54,86.0,86.0,4.7,70,20
Olinda,-2.03,80.6,80.6,11.41,74,75
Yellowknife,62.45,-14.81,-14.81,6.93,75,20
Sambava,-14.27,77.51,77.51,15.23,100,80
Jamestown,-33.21,65.86,65.86,10.98,80,80
Mataura,-46.19,74.09,74.09,6.06,60,0
Svetlogorsk,53.14,21.2,21.2,2.93,85,90
Pevek,69.7,-29.91,-29.91,5.5,100,0
Wajima,37.4,41.0,41.0,5.82,75,75
Luwuk,-0.95,86.83,86.83,2.71,78,44
Carnarvon,-30.97,46.82,46.82,2.93,55,0
Bluff,-23.58,75.8,75.8,5.73,91,88
Kavieng,-2.57,87.23,87.23,5.39,99,48
Pingliang,35.54,28.37,28.37,5.39,61,0
Nikolskoye,59.7,19.4,19.4,4.47,92,75
Muzo,5.53,47.09,47.09,2.37,70,24
Salamiyah,35.01,41.42,41.42,9.64,86,20
Evensk,61.92,4.34,4.34,7.74,100,88
The Pas,53.82,33.8,33.8,26.4,74,75
Sabla,12.75,65.45,65.45,9.75,41,0
Luderitz,-26.65,58.43,58.43,14.45,75,0
Palu,-0.9,76.93,76.93,1.92,72,76
Vaini,15.34,63.55,66.2,8.75,87,0
Godinesti,45.0,32.15,32.15,1.81,97,92
Punta Arenas,-53.16,44.6,44.6,23.04,100,0
Husavik,50.56,35.39,35.39,16.91,92,80
Atuona,-9.8,81.7,81.7,17.47,99,8
Victor Harbor,-35.55,66.2,66.2,16.11,82,75
Necochea,-38.55,67.88,67.88,15.01,42,0
Mankono,8.06,69.86,69.86,6.96,47,0
Caconda,-13.73,66.44,66.44,8.97,48,12
Albany,42.65,34.65,37.94,4.7,69,75
Port Elizabeth,39.31,49.5,51.08,12.75,96,90
Cabo San Lucas,22.89,70.65,71.6,5.82,64,90
Saint-Philippe,45.36,31.05,32.0,2.93,99,1
Itoman,26.12,72.84,73.4,9.17,53,20
Butaritari,3.07,83.45,83.45,7.52,100,56
Sao Filipe,14.9,75.8,75.8,13.11,94,100
Manoel Urbano,-8.84,73.64,73.64,2.15,96,24
Marsabit,2.34,66.98,66.98,5.17,79,0
Khatanga,71.98,-5.7,-5.7,11.21,84,44
Canavieiras,-15.68,77.38,77.38,3.71,88,92
Bredasdorp,-34.53,64.4,64.4,1.12,82,68
Anadyr,64.73,-34.61,-34.61,11.18,73,12
Sao Felix do Xingu,-6.64,72.74,72.74,2.04,98,68
Marsh Harbour,26.54,79.13,79.13,11.65,98,64
Saint-Pierre,48.95,35.01,35.6,11.41,93,90
Qasigiannguit,68.82,21.2,21.2,9.17,57,48
Hithadhoo,-0.6,81.65,81.65,14.67,100,24
Constitucion,23.99,48.2,48.2,4.7,16,40
Erzin,36.95,50.0,50.0,10.29,66,0
Broken Hill,-31.97,82.4,82.4,13.87,32,40
Camacha,33.08,60.04,60.8,2.24,93,20
Tiksi,71.64,-12.9,-12.9,3.94,59,48
Arraial do Cabo,-22.97,77.2,77.2,19.15,88,0
Saravan,39.72,27.68,28.4,4.7,92,0
Hovd,63.83,31.06,32.0,27.51,98,0
Sakaiminato,35.55,51.93,53.6,10.29,100,90
Ponta do Sol,-20.63,68.11,68.11,1.7,95,56
Margate,-43.03,77.0,77.0,5.82,57,40
Alofi,-19.06,75.2,75.2,2.24,94,92
Yumen,40.29,20.68,20.68,11.65,61,0
Thompson,55.74,28.4,28.4,14.99,92,75
Ribeira Grande,38.52,62.53,62.53,18.03,99,76
Talara,-4.58,73.55,73.55,8.19,71,36
Hobart,-42.88,77.0,77.0,5.82,57,40
North Platte,41.12,28.04,28.04,2.93,84,1
Bonfim,-20.33,75.2,75.2,4.7,60,0
Qaanaaq,77.48,-14.65,-14.65,11.99,85,0
Seoul,37.57,32.38,36.68,1.12,68,75
Karema,-6.82,63.16,63.16,3.27,99,92
Gat,14.69,75.2,75.2,11.41,22,0
Torbay,47.66,32.0,32.0,23.04,100,90
Araouane,18.9,52.04,52.04,10.31,43,0
Mount Isa,-20.73,96.8,96.8,10.29,9,0
Vila Franca do Campo,37.72,55.4,55.4,6.93,71,20
Virar,19.47,75.2,75.2,9.17,41,0
Teberda,43.44,23.96,23.96,0.36,91,88
Cutro,39.04,41.56,51.8,6.93,100,90
Pangnirtung,66.15,-1.6,-1.6,2.93,68,68
Igarka,67.47,-9.21,-9.21,4.94,67,68
Bambous Virieux,-20.34,77.0,77.0,16.11,73,40
Saskylakh,71.97,-23.43,-23.43,2.93,34,32
Yar-Sale,66.83,12.08,12.08,9.31,87,56
Chapleau,47.85,24.8,24.8,6.93,100,5
Halifax,44.65,32.0,32.0,12.75,100,20
Kahului,20.89,76.55,80.06,24.16,62,20
Ulladulla,-35.36,74.68,74.68,10.65,83,20
Cape Town,-33.93,66.2,66.2,18.34,72,0
Vostok,46.45,19.28,19.28,5.06,64,0
Touros,-5.2,75.2,75.2,3.36,83,20
Cidreira,-30.17,71.93,71.93,9.86,91,64
Portland,45.52,45.41,48.92,6.93,54,90
Iturama,-19.73,74.5,74.5,2.82,87,0
Avarua,-21.21,82.4,82.4,9.17,78,75
Mariental,52.28,25.4,25.4,12.44,87,12
Harper,30.3,40.77,42.08,4.7,72,1
Georgetown,6.8,73.4,73.4,4.7,94,75
Chara,39.42,48.2,48.2,2.71,93,90
Coquimbo,-29.95,59.0,59.0,6.96,87,0
East London,-33.02,70.94,70.94,7.4,100,48
Leningradskiy,69.38,-11.01,-11.01,2.71,100,12
Clyde River,70.47,-4.01,-4.01,21.92,83,90
Sao Joao do Paraiso,-15.31,67.07,67.07,5.95,93,0
Yulara,-25.24,93.2,93.2,9.17,12,0
Lavrentiya,65.58,9.43,9.43,16.46,100,64
Samarai,-10.62,88.0,88.0,5.84,97,20
Iqaluit,63.75,8.6,8.6,4.7,84,40
Barra do Garcas,-15.89,72.92,72.92,2.93,84,24
Alice Springs,-23.7,93.2,93.2,8.05,25,0
Newcastle,-27.76,53.03,53.03,2.59,94,8
Baculin,7.45,79.4,79.4,8.97,95,64
Rio Gallegos,-51.62,59.0,59.0,39.15,38,20
Sinnamary,5.38,79.67,79.67,11.54,93,76
Geraldton,49.72,32.0,32.0,10.29,63,20
Padang,-0.92,85.03,85.03,6.73,97,12
Kaitangata,-46.28,65.36,65.36,6.96,80,0
Saldanha,41.42,51.14,51.14,13.0,98,92
Oranjemund,-28.55,61.36,61.36,19.04,93,0
Port Alfred,-33.59,67.52,67.52,0.81,100,80
Namatanai,-3.66,87.59,87.59,9.31,91,0
Lichinga,-13.3,65.18,65.18,2.37,99,76
Sfantu Gheorghe,44.65,33.8,33.8,19.46,90,90
Warri,5.52,76.07,76.07,7.85,90,0
Dongsheng,29.72,50.56,50.56,4.94,74,0
Tecpan,14.76,57.2,57.2,16.11,76,20
Saint-Joseph,43.56,41.0,41.0,2.24,93,90
Nhulunbuy,-12.18,95.0,95.0,12.75,56,56
Karratha,-20.74,88.45,88.45,14.67,25,0
Artesia,32.84,46.08,46.94,12.75,65,1
Upernavik,72.79,15.1,15.1,15.46,100,20
Botou,38.08,40.25,40.25,4.61,41,0
Somerset,37.09,45.99,48.02,3.36,100,90
Chuy,-33.69,60.59,60.59,9.64,94,0
Saint George,39.45,48.2,48.2,2.71,93,90
Kirakira,-10.46,85.79,85.79,10.65,100,56
Beloha,-25.17,77.69,77.69,12.1,64,0
Los Llanos de Aridane,28.66,64.4,64.4,10.29,77,0
Nabire,-3.36,77.56,77.56,2.48,89,64
Airai,-8.93,83.41,83.41,2.71,70,12
Arlit,18.74,52.67,52.67,9.42,59,0
Koshurnikovo,54.3,14.96,14.96,4.38,84,80
Fraga,41.52,41.0,41.0,3.36,100,32
Lipari,38.47,53.6,53.6,5.82,58,40
Te Anau,-45.41,75.4,75.4,2.93,46,0
Ust-Nera,64.57,-44.98,-44.98,2.04,0,48
Moyale,3.52,59.87,59.87,6.29,56,0
Qaqortoq,60.72,24.68,24.68,0.81,92,76
Antsla,57.83,19.4,19.4,5.82,100,80
Loralai,30.37,16.85,16.85,4.16,63,0
Shagamu,6.84,78.8,78.8,5.73,94,20
Nikolayevsk-na-amure,53.14,2.99,2.99,3.6,100,48
Berlevag,70.86,18.16,18.16,5.73,100,8
Meulaboh,4.14,81.16,81.16,3.49,100,44
Faanui,-16.48,83.68,83.68,12.21,99,76
Thomasville,35.88,46.69,47.48,3.38,100,90
Namibe,-15.19,71.75,71.75,9.19,100,88
Okhotsk,59.36,-17.4,-17.4,6.62,100,12
Scarborough,54.28,44.6,44.6,17.22,81,92
Brainerd,46.36,36.27,37.94,10.29,64,1
Port Macquarie,-31.43,75.69,77.0,14.99,94,90
Ahipara,-35.17,71.75,71.75,5.61,74,68
Albury,-36.08,69.89,75.2,8.05,47,75
Baruun-Urt,46.68,8.75,8.75,9.31,58,24
Chapais,49.78,26.6,26.6,6.93,86,90
Sitka,37.17,36.74,36.74,9.19,42,44
Inhambane,-23.87,75.85,75.85,7.4,99,48
Victoria,5.28,86.9,87.8,4.7,79,75
Souillac,45.6,48.2,48.2,3.36,100,75
Balkhash,46.84,24.59,24.59,3.04,91,88
Bowen,-20.01,78.8,78.8,10.29,94,75
Along,28.17,57.31,57.31,2.04,44,0
Port Jervis,41.38,42.93,48.2,11.41,67,75
Ust-Kan,50.93,-2.55,-2.55,1.92,72,36
San Quintin,17.54,83.27,83.27,5.73,60,0
Port Lincoln,-34.72,66.58,66.58,10.76,89,48
Cabras,5.5,61.4,61.4,1.7,92,36
Manokwari,-0.87,81.88,81.88,5.17,100,48
Mantua,45.16,26.6,26.6,3.36,86,0
Seydi,13.34,59.11,59.11,6.29,49,0
New Norfolk,-42.78,77.0,77.0,5.82,57,40
Norman Wells,65.28,-18.41,-18.41,2.24,75,20
Luba,17.32,83.27,83.27,5.73,60,0
Kruisfontein,-34.0,62.8,62.8,5.95,89,0
Serov,59.61,2.99,2.99,3.04,75,56
Solnechnyy,50.72,-3.45,-3.45,3.6,75,64
Santa Cruz,36.97,57.69,60.8,3.36,67,40
Jalingo,10.3,60.91,60.91,3.38,61,0
Ngunguru,-35.62,69.59,69.59,10.65,90,0
Pindobacu,-10.74,72.47,72.47,9.75,57,0
Pochutla,15.74,78.06,78.8,3.83,69,5
Narsaq,60.91,15.77,15.77,3.6,63,80
Tarut,26.57,63.09,71.6,10.29,64,40
Fortuna,38.18,52.68,55.4,9.17,71,0
Faya,18.39,55.4,55.4,5.61,82,0
Porangatu,-13.44,71.66,71.66,2.82,72,68
Oroquieta,8.49,75.98,75.98,1.14,100,80
Yeppoon,-23.13,75.2,75.2,10.29,94,75
Bundaberg,-24.87,80.6,80.6,9.17,69,90
Guerrero Negro,27.97,59.65,59.65,6.62,90,88
Komsomolskiy,67.55,33.41,33.41,19.6,97,92
Rawson,-43.3,77.2,77.2,15.79,31,0
Vao,59.1,5.6,5.6,3.71,93,20
Malysheva,57.12,12.2,12.2,6.71,92,90
Lagoa,37.14,51.8,51.8,5.82,93,40
Tezu,27.93,59.87,59.87,1.7,51,8
Waidhofen,48.58,23.34,24.8,4.7,73,75
Havoysund,71.0,30.2,30.2,6.93,86,0
Vardo,39.62,47.17,50.0,8.05,86,90
Viedma,-40.81,76.88,76.88,18.14,21,8
Batagay,67.65,-28.2,-28.2,3.04,43,56
Ciudad Bolivar,8.12,78.5,78.5,12.1,61,0
Ancud,-41.87,55.4,55.4,16.11,100,90
Esperance,10.24,77.0,77.0,5.95,83,20
Tura,25.52,62.57,62.57,5.17,81,92
Lebu,8.96,30.62,30.62,2.93,73,0
Iglesias,42.3,46.4,46.4,14.99,93,92
Marzuq,14.4,42.46,42.46,3.04,83,0
Schiffdorf,53.54,29.64,30.2,16.11,79,40
Fryazino,55.95,9.5,14.0,4.47,84,40
Zhoucheng,31.35,42.8,42.8,8.95,87,76
Sisophon,13.59,84.76,84.76,17.25,53,0
Tuatapere,-46.13,63.2,63.2,5.95,78,0
Sioux Lookout,50.1,39.2,39.2,10.29,55,75
Antalaha,-14.9,76.61,76.61,9.98,93,32
Eucaliptus,-17.6,50.6,50.6,3.71,55,68
Sumkino,58.11,15.59,15.59,3.38,91,88
Ixtapa,20.71,75.2,75.2,4.7,78,20
Kamiiso,41.82,41.0,41.0,12.75,60,75
Altay,47.83,-8.44,-8.44,3.38,52,0
Saint-Francois,46.42,41.0,41.0,5.82,100,90
Kungurtug,50.6,8.93,8.93,5.39,68,68
Natal,-5.81,76.96,78.8,9.17,69,0
Brandon,43.59,34.39,37.94,8.05,78,1
Tres Arroyos,-38.38,72.25,72.25,16.46,30,0
Baijiantan,45.63,8.75,8.75,1.81,78,68
Perth,56.4,35.76,37.4,6.93,100,90
Pattoki,31.02,44.12,44.12,2.93,81,0
Linares,-35.85,47.81,47.81,2.04,77,0
Parana,-7.52,77.0,77.0,1.12,94,75
Peniche,39.36,60.8,62.6,18.34,88,75
Mogadishu,2.04,80.8,80.8,21.5,99,20
Mahebourg,-20.41,77.0,77.0,16.11,73,40
Sinazongwe,-17.26,76.52,76.52,7.74,83,0
Saint-Gaudens,43.11,51.8,51.8,2.24,87,90
Isangel,-19.55,79.13,79.13,16.91,99,32
Celestun,20.87,72.7,72.7,11.32,100,92
Cherskiy,68.75,-35.31,-35.31,2.37,66,20
Labuhan,-2.54,80.26,80.26,3.15,85,88
Palmer,-34.85,66.2,66.2,16.11,82,75
Baykit,61.68,-5.56,-5.56,7.4,66,20
Rundu,-17.91,69.01,69.01,7.52,31,32
Cabedelo,-6.97,75.2,75.2,6.93,83,20
Naze,5.43,77.96,77.96,8.63,74,0
Taoudenni,22.68,48.71,48.71,11.65,40,0
Longyearbyen,78.22,21.2,21.2,16.11,67,75
Zhob,31.34,27.16,27.16,3.94,97,8
Cumberland,41.97,42.22,44.6,10.29,70,1
Glushkovo,51.34,21.4,21.4,8.08,88,76
Nyrob,60.74,17.93,17.93,4.16,91,80
Kaeo,-35.1,74.86,74.86,10.87,58,0
Suoyarvi,62.08,11.54,11.54,2.71,78,56
Emerald,-23.53,80.6,80.6,8.05,65,90
Lasa,34.92,60.04,60.8,8.05,58,0
Liverpool,53.41,44.46,46.4,12.75,75,0
Deputatskiy,69.3,-27.61,-27.61,2.59,40,48
Vanimo,-2.67,81.88,81.88,6.62,100,64
Bandarbeyla,9.49,78.5,78.5,23.85,100,0
Trelew,-43.25,77.2,77.2,15.79,31,0
Puerto Baquerizo Moreno,-0.9,75.58,75.58,11.65,97,8
Xian,42.76,48.9,51.8,3.36,93,40
Ayan,40.67,33.5,33.5,1.59,91,68
Denpasar,-8.65,86.0,86.0,10.29,74,40
Marsaxlokk,35.84,53.6,53.6,24.16,54,40
Nicoya,10.15,80.6,80.6,21.92,65,20
Smoky Lake,54.11,18.61,18.61,15.01,78,0
Villa Rica,-10.74,66.71,66.71,2.04,100,92
Praya,-8.71,86.0,86.0,10.29,70,75
Poum,41.28,34.9,34.9,1.48,100,80
Ilfracombe,51.21,47.66,48.2,17.22,87,40
Singkang,2.1,82.4,82.4,4.7,83,75
Billings,45.79,42.98,42.98,8.05,30,75
Klaksvik,62.23,42.8,42.8,39.15,81,92
College,64.86,-9.46,-6.34,3.27,79,90
Boyolangu,-8.09,80.71,80.71,8.97,72,92
La Union,14.97,57.17,57.17,2.04,92,36
Flinders,-34.58,78.5,78.5,5.06,69,36
Kavaratti,10.57,82.28,82.28,7.4,100,32
Asosa,10.07,63.2,63.2,2.15,83,8
Matadi,-5.83,72.7,72.7,3.04,100,0
Eganville,45.54,19.4,19.4,2.15,100,75
Dingle,11.0,83.54,83.54,14.0,76,24
Kouroussa,10.65,66.44,66.44,8.75,39,12
Malanje,-9.54,64.6,64.6,4.16,89,36
Havelock,34.88,58.77,62.06,6.93,100,90
Sao Joao da Barra,-21.64,78.77,78.77,23.85,100,20
Ranong,9.96,75.2,75.2,4.7,94,40
Vangaindrano,-23.35,72.47,72.47,3.04,98,88
Port Moresby,-9.47,96.8,96.8,11.41,47,40
Salinas,36.67,55.76,57.2,5.28,81,1
Ekhabi,53.51,-1.96,-1.96,3.38,100,12
Hatillo,18.49,73.4,73.4,5.82,73,1
Castelo do Piaui,-5.32,71.3,71.3,5.73,86,12
Vila,45.18,32.0,32.0,4.7,87,44
Jaru,-10.43,73.51,73.51,2.15,96,32
Newport,51.59,45.54,48.2,10.29,100,36
Matagami,9.67,56.09,56.09,4.61,61,0
Horqueta,-23.34,80.35,80.35,4.16,78,48
Salta,-24.79,68.0,68.0,2.26,100,90
Rahuri,19.39,59.87,59.87,8.75,72,0
Aksarka,66.56,22.21,22.21,14.79,84,88
Katsuura,33.93,45.59,46.4,5.82,65,75
Aklavik,68.22,-11.21,-11.21,8.05,76,20
Sundsvall,62.39,10.4,10.4,2.24,92,0
Kolo,-4.73,59.06,59.06,2.82,92,88
Katherine,-14.47,95.0,95.0,11.41,47,8
Ewa Beach,21.32,78.55,80.06,8.05,52,1
Aksu,52.04,12.2,12.2,4.47,92,0
Tawang,27.59,32.33,32.33,1.36,20,0
Broome,52.47,42.13,43.16,11.41,100,68
Pisco,-13.71,68.0,68.0,13.87,82,40
Savonlinna,61.87,15.8,15.8,2.24,92,90
Alugan,12.22,79.13,79.13,10.76,100,88
Sawtell,-30.38,76.89,78.8,12.75,88,75
Tibiri,13.59,62.84,62.84,9.53,44,0
Susanville,40.42,41.0,41.0,4.7,65,1
Nome,30.04,49.46,53.06,7.07,79,1
Victoria,5.28,86.9,87.8,4.7,79,75
Kankakee,41.12,34.72,36.5,8.05,89,1
Ginir,7.14,45.11,45.11,2.15,72,0
Marawi,8.0,71.21,71.21,2.93,98,92
Aberdeen,45.47,32.0,32.0,4.7,81,1
Itaguacu,-19.8,67.52,67.52,3.6,95,48
Sorong,-0.86,82.64,82.64,8.75,100,32
Zhigansk,66.77,-6.51,-6.51,9.75,73,68
Kalmunai,7.42,78.05,78.05,10.98,91,68
Goma,-1.67,56.68,56.68,2.59,100,76
Port Blair,11.67,83.5,83.5,19.6,99,56
Itarema,-2.92,72.7,72.7,1.81,99,76
Cascais,38.7,59.92,60.8,16.11,100,75
Kholtoson,50.3,9.56,9.56,7.85,59,0
Mercedes,-33.25,64.01,64.01,8.75,72,0
Hohhot,40.81,19.4,19.4,2.24,57,0
Cayenne,4.94,78.8,78.8,3.36,78,40
Yining,29.04,42.28,42.28,2.93,83,20
Loa Janan,-0.58,82.6,82.6,3.15,80,68
Kudahuvadhoo,2.67,81.83,81.83,4.27,100,0
Chimbote,-9.08,68.11,68.11,5.73,89,80
Basoko,1.23,70.18,70.18,4.72,98,8
Xichang,27.88,42.01,42.01,1.92,52,0
Kajaani,64.22,21.2,21.2,4.7,92,90
Lufilufi,-13.87,82.4,82.4,4.7,83,75
Balfour,49.62,19.15,19.15,1.7,80,36
Mount Gambier,-37.83,71.6,71.6,4.7,56,75
Kolchugino,56.3,5.06,5.06,4.5,86,44
Tagusao,9.19,84.76,84.76,7.74,81,64
Sassandra,4.95,82.64,82.64,10.98,99,0
Blythe,33.61,45.2,45.2,3.04,49,0
Bud,62.91,34.47,37.4,10.29,100,0
Belle Glade,26.68,67.6,69.8,3.36,94,90
Miri,10.31,55.06,55.06,3.38,64,0
Bobbili,18.58,64.01,64.01,7.96,74,100
Puerto Escondido,15.86,78.8,78.8,1.92,74,20
Miraflores,5.2,42.73,42.73,0.69,97,12
Hami,42.84,2.99,2.99,3.71,53,0
Algodones,35.38,33.96,39.02,3.36,52,1
Mutis,6.23,77.83,77.83,1.59,100,88
Saquena,-4.67,74.27,74.27,4.83,93,56
Dafeng,33.2,44.12,44.12,13.0,89,68
Pacific Grove,36.62,55.76,57.2,5.28,71,1
Shingu,33.72,51.8,51.8,3.36,57,75
Tatarsk,55.22,8.53,8.53,4.16,80,68
Nizhniy Kuranakh,58.84,0.88,0.88,3.38,67,12
Keetmanshoop,-26.57,63.83,63.83,2.37,22,0
Omboue,-1.57,79.45,79.45,6.4,100,80
Paamiut,61.99,29.63,29.63,3.15,98,0
Shakiso,5.77,43.94,43.94,2.48,68,0
Westport,53.8,45.29,45.29,13.89,94,64
Hailar,49.2,7.36,7.36,10.65,71,20
Dunedin,-45.87,64.37,64.37,4.16,84,44
Okha,53.59,-1.96,-1.96,3.38,100,12
Saint-Augustin,44.83,54.61,55.4,5.82,100,92
The Valley,18.22,80.6,80.6,14.99,74,40
Talnakh,69.49,-4.21,-4.21,10.42,90,68
Luanda,-8.83,75.2,75.2,3.27,83,20
Novyy Urgal,51.07,-8.13,-8.13,3.71,76,68
Kirensk,57.78,17.3,17.3,9.19,66,64
Kuching,1.56,84.2,84.2,2.24,79,75
Hasaki,35.73,43.54,44.6,2.24,52,75
Udomlya,57.88,9.7,9.7,3.6,84,68
Goure,13.98,62.08,62.08,5.28,54,0
Benidorm,38.54,57.2,57.2,11.41,67,0
Telemaco Borba,-24.32,65.72,65.72,2.82,98,76
Khandyga,62.65,-17.76,-17.76,2.59,75,68
Haverfordwest,51.8,48.2,48.2,21.92,81,68
Melfi,41.0,24.8,24.8,5.82,79,0
Teknaf,20.86,78.23,78.23,2.93,77,12
Slave Lake,55.28,12.2,12.2,10.29,78,1
Thalgau,47.84,19.4,19.4,6.93,79,8
Pringsewu,-5.36,84.17,84.17,3.04,74,44
Agirish,61.92,21.31,21.31,5.39,87,12
Gavle,60.67,21.53,21.53,3.04,100,68
Richards Bay,-28.77,71.08,71.08,3.04,95,0
Adrar,27.87,46.4,46.4,9.17,52,0
Mwene-Ditu,-7.01,65.81,65.81,3.04,94,44
Hun,50.34,31.98,33.8,6.93,86,75
Kurtalan,37.93,32.0,32.0,1.59,86,90
Dashitou,43.3,29.18,29.18,8.19,61,80
Kiruna,67.86,-14.81,-14.81,2.48,75,36
Sinop,42.03,51.01,51.01,2.37,100,36
Grand Gaube,-20.01,77.0,77.0,16.11,73,40
Lovozero,68.01,-3.85,-3.85,2.93,51,8
Jumla,29.28,16.4,16.4,3.94,52,0
Contamana,-7.35,73.37,73.37,2.15,95,12
Gizo,31.8,59.0,59.0,1.12,67,0
Meadow Lake,54.13,22.48,22.48,16.02,74,0
Merauke,-8.49,76.66,76.66,6.17,100,92
Porirua,-41.14,66.2,66.2,16.11,68,0
Haines Junction,60.75,-14.29,-14.29,2.15,75,56
Puerto Varas,-41.32,57.2,57.2,11.41,87,90
Bambanglipuro,-7.95,79.94,79.94,4.72,87,92
Imuris,30.78,46.06,46.06,3.15,52,68
Antropovo,55.25,11.01,14.0,4.47,85,40
Port Hardy,50.7,42.8,42.8,27.51,87,90
Soe,57.91,19.4,19.4,5.82,100,76
Pandan Niog,6.23,83.72,83.72,9.42,100,8
Asheboro,35.71,46.47,46.94,3.38,100,90
Champerico,16.38,66.2,66.2,12.75,63,90
Baghdad,33.3,44.6,44.6,5.82,87,0
Guanaja,23.08,73.4,73.4,6.93,88,75
Tomatlan,19.93,64.28,64.28,2.15,89,0
Nishihara,35.74,40.8,42.8,4.7,52,75
Turbat,26.0,47.23,47.23,4.61,76,0
Felanitx,39.47,55.4,55.4,11.41,100,0
Takaka,-40.86,71.57,71.57,6.73,69,0
Caravelas,-17.73,79.04,79.04,13.0,100,0
Muli,22.62,57.58,57.58,10.42,60,32
Miguel Hidalgo,19.41,54.95,60.8,9.17,38,20
Ostrovnoy,68.05,9.83,9.83,12.66,96,0
Krutinka,56.01,12.62,12.62,5.73,85,64
Peterhead,-34.83,66.2,66.2,16.11,82,75
Usinsk,66.0,34.49,34.49,14.23,97,80
Santa Maria,-29.69,73.28,73.28,10.42,87,80
Tahoua,14.89,62.57,62.57,12.21,39,0
Kigali,-1.95,62.6,62.6,2.24,100,40
Linxia,35.6,26.98,26.98,4.5,17,0
Simi,38.64,54.19,55.4,4.7,93,90
Abu Dhabi,24.47,67.91,69.8,3.36,73,0
Ustyuzhna,58.84,6.55,6.55,2.82,73,68
Nanortalik,60.14,27.11,27.11,3.27,92,88
Bay Roberts,47.58,32.0,32.0,23.04,92,90
Chumikan,54.72,5.87,5.87,3.71,89,64
Baffa,34.44,19.73,19.73,2.37,59,0
Hambantota,6.12,77.0,77.0,4.7,100,20
Andilamena,-17.01,65.72,65.72,6.17,94,36
Shatrovo,42.29,42.8,42.8,5.82,87,90
Buala,-8.15,80.12,80.12,2.71,100,56
Coihaique,-45.58,56.98,59.0,10.29,58,0
Sorland,67.67,39.31,39.31,9.86,100,0
Takoradi,4.89,81.11,81.11,10.42,100,8
Saint Anthony,43.97,26.62,32.0,3.71,77,20
Vila Velha,-3.71,80.6,80.6,9.17,78,75
Krasnoznamensk,54.94,27.74,27.74,11.1,84,68
Ormara,25.21,65.95,65.95,14.79,100,0
San Policarpo,12.18,79.13,79.13,10.76,100,88
Barroquinha,-3.02,71.8,71.8,4.27,100,76
Acapulco,16.86,78.8,78.8,5.28,83,5
Juan Lacaze,-34.43,61.49,61.49,4.72,75,0
Aljezur,37.31,60.86,60.86,13.11,100,92
Srednekolymsk,67.46,-47.55,-47.55,2.37,0,8
Mackay,53.65,23.02,24.8,6.93,67,20
Atakpame,7.53,67.7,67.7,3.15,79,0
Pecos,31.42,48.22,48.92,5.82,47,1
Khandbari,27.38,23.33,23.33,1.59,37,0
Hofn,64.25,39.08,39.08,14.45,100,92
Mayo,63.59,-7.61,-7.61,6.93,76,75
San Jose,15.79,83.72,83.72,5.61,64,0
Tazmalt,36.39,50.0,50.0,16.11,76,0
San Carlos,9.66,75.13,75.13,7.18,53,0
Port-Gentil,-0.72,79.58,79.58,8.75,100,80
Shakhtinsk,49.71,23.0,23.0,4.47,100,90
Tiznit,29.7,53.98,53.98,5.39,86,0
Rio Grande,-32.03,67.48,67.48,9.75,93,92
Salas,43.41,50.0,50.0,1.12,100,20
Great Falls,47.5,33.49,36.14,13.87,44,1
Praia,-20.25,75.2,75.2,4.7,60,0
Salinopolis,-0.61,77.06,77.06,6.17,100,80
Khilok,51.36,17.21,17.21,10.76,53,64
Bonnyville,54.27,21.2,21.2,16.11,62,20
Pervomayskoye,57.07,17.93,17.93,7.63,86,92
Lazaro Cardenas,28.39,46.4,46.4,3.36,36,75
Santiago del Estero,-27.8,74.63,74.63,3.6,89,56
Tarusa,54.73,19.4,19.4,6.71,92,64
Severo-Kurilsk,50.68,28.15,28.15,13.0,100,56
Cap-aux-Meules,47.38,33.8,33.8,17.22,80,75
Puerto Colombia,10.99,80.6,80.6,13.87,83,20
Boa Vista,2.82,80.6,80.6,10.29,54,0
Upington,-28.46,71.6,71.6,2.24,12,0
La Ronge,55.1,19.4,19.4,31.09,67,90
Verkhnevilyuysk,63.45,-0.16,-0.16,2.71,74,48
Matamoros,25.87,52.23,55.4,4.94,49,40
Liepaja,56.52,32.0,32.0,6.93,93,36
Bathsheba,13.22,78.8,78.8,25.28,69,40
Cheney,47.49,31.69,35.06,4.7,95,75
Sept-Iles,50.2,28.4,28.4,4.7,58,75
Koplik,42.21,47.99,47.99,4.61,100,88
Santa Isabel do Rio Negro,-0.41,75.62,75.62,3.94,92,20
Zharkent,44.17,5.11,5.11,4.16,49,8
Ishigaki,24.34,68.0,68.0,6.93,100,75
Rosetta,31.4,55.4,55.4,3.15,93,0
Adamas,36.73,62.6,62.6,17.22,82,44
Kommunar,59.62,19.4,19.4,4.47,92,75
Karangampel,-6.46,84.76,84.76,10.87,100,68
Johi,26.69,49.48,49.48,6.4,99,8
Ambilobe,-13.19,68.24,68.24,2.93,86,12
Lipin Bor,60.26,13.07,13.07,5.95,84,64
